


//创建数据库
CREATE DATABASE empsys;

//创建部门表
CREATE TABLE dept_0509(
dept_id_0509 INT PRIMARY KEY,
dept_name_0509 VARCHAR(20),
dept_lead_0509 INT(3) ZEROFILL DEFAULT 0
);
//部门表插入数据
INSERT INTO dept_0509 VALUES(1,'销售部',1);
INSERT INTO dept_0509 VALUES(2,'数据部',2);
INSERT INTO dept_0509 VALUES(3,'运维部',5);
INSERT INTO dept_0509 VALUES(4,'主管部',20);
INSERT INTO dept_0509 VALUES(5,'策划部',15);
INSERT INTO dept_0509 VALUES(6,'研发部',8);
INSERT INTO dept_0509 VALUES(7,'市场部',9);
INSERT INTO dept_0509 VALUES(8,'测试部',10);
INSERT INTO dept_0509 VALUES(9,'清洁部',19);
INSERT INTO dept_0509 VALUES(10,'安保部',8);
INSERT INTO dept_0509 VALUES(11,'生活部',6);


//创建员工信息表
CREATE TABLE emp_0509(
emp_id_0509 INT(4) ZEROFILL PRIMARY KEY,
emp_name_0509 VARCHAR(15),
sex_0509 CHAR(3),
emp_age_0509 INT,
phone_0509 INT,
dept_id_0509 INT,
FOREIGN KEY(dept_id_0509) REFERENCES dept_0509(dept_id_0509) ON DELETE CASCADE
);

//员工信息表插入数据
INSERT INTO emp_0509 VALUES(1,'张三','男',23,123456,1);
INSERT INTO emp_0509 VALUES(2,'关羽','男',88,86411,2);
INSERT INTO emp_0509 VALUES(3,'刘备','女',95,779313,9);
INSERT INTO emp_0509 VALUES(4,'张飞','女',64,641376,8);
INSERT INTO emp_0509 VALUES(5,'夏洛特','男',32,64890,7);
INSERT INTO emp_0509 VALUES(6,'亚瑟','男',35,98330,6);
INSERT INTO emp_0509 VALUES(7,'迪莫','男',26,315427,4);
INSERT INTO emp_0509 VALUES(8,'小马','女',74,154823,2);
INSERT INTO emp_0509 VALUES(9,'小赵','男',63,315412,3);
INSERT INTO emp_0509 VALUES(10,'楠楠','男',45,129995,4);
INSERT INTO emp_0509 VALUES(11,'学长','男',61,19956,5);
INSERT INTO emp_0509 VALUES(12,'小明','男',75,55616,6);
INSERT INTO emp_0509 VALUES(13,'王某','女',35,188446,7);
INSERT INTO emp_0509 VALUES(14,'于某','男',18,1566456,8);
INSERT INTO emp_0509 VALUES(15,'墨水','女',20,14446,9);
INSERT INTO emp_0509 VALUES(16,'即博','女',52,188896,10);
INSERT INTO emp_0509 VALUES(17,'思思','男',46,145456,11);
INSERT INTO emp_0509 VALUES(18,'生蚝','男',38,66666,11);
INSERT INTO emp_0509 VALUES(19,'小红','女',37,123454,10);
INSERT INTO emp_0509 VALUES(20,'小刚','女',41,456483,9);
INSERT INTO emp_0509 VALUES(21,'旭旭','女',42,13215,8);
INSERT INTO emp_0509 VALUES(22,'阿凯','女',45,744913,7);
INSERT INTO emp_0509 VALUES(23,'小刘','男',53,794631,6);
INSERT INTO emp_0509 VALUES(24,'苏某','男',51,852236,5);
INSERT INTO emp_0509 VALUES(25,'洋洋','女',45,3132153,5);
INSERT INTO emp_0509 VALUES(26,'丁丁','男',39,313235,4);
INSERT INTO emp_0509 VALUES(27,'小王','女',48,13135,3);
INSERT INTO emp_0509 VALUES(28,'李四','女',49,654124,2);
INSERT INTO emp_0509 VALUES(29,'后裔','女',95,41534,1);
INSERT INTO emp_0509 VALUES(30,'鲁班七号','男',63,55524,2);
INSERT INTO emp_0509 VALUES(31,'钟馗','男',64,65416,3);
INSERT INTO emp_0509 VALUES(32,'李逵','女',58,8861,4);
INSERT INTO emp_0509 VALUES(33,'鲁智深','男',16,95160,5);
INSERT INTO emp_0509 VALUES(34,'武松','女',35,75364,6);
INSERT INTO emp_0509 VALUES(35,'沙憎','女',60,968403,7);
INSERT INTO emp_0509 VALUES(36,'唐增','男',58,96453,8);
INSERT INTO emp_0509 VALUES(37,'八戒','女',23,654124,9);
INSERT INTO emp_0509 VALUES(38,'猴子','女',39,898824,8);
INSERT INTO emp_0509 VALUES(39,'哪吒','女',49,7894,8);
INSERT INTO emp_0509 VALUES(40,'超音速','男',20,6644,4);
INSERT INTO emp_0509 VALUES(41,'懒洋洋','女',18,69487,10);
INSERT INTO emp_0509 VALUES(42,'围裙','女',19,623324,9);
INSERT INTO emp_0509 VALUES(43,'小头','女',33,66670,10);
INSERT INTO emp_0509 VALUES(44,'大头','男',36,78613,9);
INSERT INTO emp_0509 VALUES(45,'灰太狼','女',28,531574,9);
INSERT INTO emp_0509 VALUES(46,'洛洛','女',49,563124,8);
INSERT INTO emp_0509 VALUES(47,'力霸天','女',26,646315,3);
INSERT INTO emp_0509 VALUES(48,'曹操','女',22,782615,5);
INSERT INTO emp_0509 VALUES(49,'急先锋','女',21,656544,6);
INSERT INTO emp_0509 VALUES(50,'霹雳火','男',23,65656,8);
INSERT INTO emp_0509 VALUES(51,'光头强','女',40,998124,8);
INSERT INTO emp_0509 VALUES(52,'胸大','女',42,65456,9);
INSERT INTO emp_0509 VALUES(53,'熊二','女',36,636654,10);
INSERT INTO emp_0509 VALUES(54,'泰罗','男',46,896423,6);
INSERT INTO emp_0509 VALUES(55,'迪迦','男',58,963578,10);
INSERT INTO emp_0509 VALUES(56,'杰杰','女',49,78339,6);
INSERT INTO emp_0509 VALUES(57,'貂蝉','男',49,54780,11);
INSERT INTO emp_0509 VALUES(58,'吕布','男',19,36520,11);
INSERT INTO emp_0509 VALUES(59,'武大郎','男',18,36412,11);
INSERT INTO emp_0509 VALUES(60,'西门庆','女',18,45230,11);
INSERT INTO emp_0509 VALUES(61,'潘金莲','男',33,85301,11);
INSERT INTO emp_0509 VALUES(62,'虞姬','女',28,96105,11);
INSERT INTO emp_0509 VALUES(63,'项羽','女',27,367874,11);
INSERT INTO emp_0509 VALUES(64,'安琪拉','女',56,66519,11);
INSERT INTO emp_0509 VALUES(937,'花木兰','男',53,26810,1);
INSERT INTO emp_0509 VALUES(458,'杨戬','女',34,20134,);
INSERT INTO emp_0509 VALUES(658,'阿雷','男',51,222035,1);
INSERT INTO emp_0509 VALUES(846,'小军','女',32,11574,3);
INSERT INTO emp_0509 VALUES(964,'莲花','男',41,55746,1);
INSERT INTO emp_0509 VALUES(852,'娜娜','女',30,23406,2);
INSERT INTO emp_0509 VALUES(258,'天天','女',28,15764,3);
INSERT INTO emp_0509 VALUES(954,'露娜','男',27,14560,2);
INSERT INTO emp_0509 VALUES(250,'韩信','男',23,78923,1);
INSERT INTO emp_0509 VALUES(361,'姜子牙','女',21,63014,6);
INSERT INTO emp_0509 VALUES(685,'妲己','男',20,87650,1);
INSERT INTO emp_0509 VALUES(103,'蕾蕾','女',18,16480,2);
INSERT INTO emp_0509 VALUES(78,'石头','男',19,15648,1);


//创建工资表(0524)
CREATE TABLE salary_0524(
emp_id_0524 INT(4) ZEROFILL PRIMARY KEY,
salary_0524 INT(10),
FOREIGN KEY(emp_id_0524) REFERENCES emp_0509(emp_id_0509)ON DELETE CASCADE
)
//工资表插入数据
INSERT INTO salary_0524 VALUES(1,12000);
INSERT INTO salary_0524 VALUES(2,13568);
INSERT INTO salary_0524 VALUES(3,14780);
INSERT INTO salary_0524 VALUES(4,15630);
INSERT INTO salary_0524 VALUES(5,23000);
INSERT INTO salary_0524 VALUES(6,36540);
INSERT INTO salary_0524 VALUES(7,17800);
INSERT INTO salary_0524 VALUES(8,9000);
INSERT INTO salary_0524 VALUES(9,8530);
INSERT INTO salary_0524 VALUES(10,9863);
INSERT INTO salary_0524 VALUES(11,5613);
INSERT INTO salary_0524 VALUES(12,15000);
INSERT INTO salary_0524 VALUES(13,14306);
INSERT INTO salary_0524 VALUES(14,15306);
INSERT INTO salary_0524 VALUES(15,12360);
INSERT INTO salary_0524 VALUES(16,13405);
INSERT INTO salary_0524 VALUES(17,13768);
INSERT INTO salary_0524 VALUES(18,13854);
INSERT INTO salary_0524 VALUES(19,14523);
INSERT INTO salary_0524 VALUES(20,12365);
INSERT INTO salary_0524 VALUES(21,12300);
INSERT INTO salary_0524 VALUES(22,13400);
INSERT INTO salary_0524 VALUES(23,15063);
INSERT INTO salary_0524 VALUES(24,15301);
INSERT INTO salary_0524 VALUES(25,16305);
INSERT INTO salary_0524 VALUES(26,10365);
INSERT INTO salary_0524 VALUES(27,9800);
INSERT INTO salary_0524 VALUES(28,9763);
INSERT INTO salary_0524 VALUES(29,9632);
INSERT INTO salary_0524 VALUES(30,8530);
INSERT INTO salary_0524 VALUES(31,7500);
INSERT INTO salary_0524 VALUES(32,7412);
INSERT INTO salary_0524 VALUES(33,5000);
INSERT INTO salary_0524 VALUES(34,4560);
INSERT INTO salary_0524 VALUES(35,3605);
INSERT INTO salary_0524 VALUES(36,4500);
INSERT INTO salary_0524 VALUES(37,1800);
INSERT INTO salary_0524 VALUES(38,16354);
INSERT INTO salary_0524 VALUES(39,15922);
INSERT INTO salary_0524 VALUES(40,13600);
INSERT INTO salary_0524 VALUES(41,156320);
INSERT INTO salary_0524 VALUES(42,156320);
INSERT INTO salary_0524 VALUES(43,153026);
INSERT INTO salary_0524 VALUES(44,512330);
INSERT INTO salary_0524 VALUES(45,3000);
INSERT INTO salary_0524 VALUES(46,1500);
INSERT INTO salary_0524 VALUES(47,1600);
INSERT INTO salary_0524 VALUES(48,1480);
INSERT INTO salary_0524 VALUES(49,1306);
INSERT INTO salary_0524 VALUES(50,4500);
INSERT INTO salary_0524 VALUES(51,4506);
INSERT INTO salary_0524 VALUES(52,3200);
INSERT INTO salary_0524 VALUES(53,3690);
INSERT INTO salary_0524 VALUES(54,3640);
INSERT INTO salary_0524 VALUES(55,3800);
INSERT INTO salary_0524 VALUES(56,3980);
INSERT INTO salary_0524 VALUES(57,4000);
INSERT INTO salary_0524 VALUES(58,4063);
INSERT INTO salary_0524 VALUES(59,5650);
INSERT INTO salary_0524 VALUES(60,5450);
INSERT INTO salary_0524 VALUES(61,5890);
INSERT INTO salary_0524 VALUES(62,7560);
INSERT INTO salary_0524 VALUES(63,7842);
INSERT INTO salary_0524 VALUES(64,9800);
INSERT INTO salary_0524 VALUES(937,8610);
INSERT INTO salary_0524 VALUES(658,15069);
INSERT INTO salary_0524 VALUES(846,15036);
INSERT INTO salary_0524 VALUES(964,15403);
INSERT INTO salary_0524 VALUES(852,15074);
INSERT INTO salary_0524 VALUES(258,16054);
INSERT INTO salary_0524 VALUES(954,9640);
INSERT INTO salary_0524 VALUES(250,12406);
INSERT INTO salary_0524 VALUES(361,12360);
INSERT INTO salary_0524 VALUES(685,13888);
INSERT INTO salary_0524 VALUES(103,15460);
INSERT INTO salary_0524 VALUES(78,7100);

//创建工作评价表(0502)
CREATE TABLE evalu_0502(
emp_id_0502 INT(4) ZEROFILL,
evalu_0502 CHAR(3),
FOREIGN KEY(emp_id_0502) REFERENCES emp_0509(emp_id_0509) ON DELETE CASCADE
)

//工作评价表插入数据
INSERT INTO evalu_0502 VALUES(1,'良');
INSERT INTO evalu_0502 VALUES(2,'差');
INSERT INTO evalu_0502 VALUES(3,'优');
INSERT INTO evalu_0502 VALUES(4,'优');
INSERT INTO evalu_0502 VALUES(5,'差');
INSERT INTO evalu_0502 VALUES(6,'差');
INSERT INTO evalu_0502 VALUES(7,'差');
INSERT INTO evalu_0502 VALUES(8,'优');
INSERT INTO evalu_0502 VALUES(9,'良');
INSERT INTO evalu_0502 VALUES(10,'良');
INSERT INTO evalu_0502 VALUES(11,'良');
INSERT INTO evalu_0502 VALUES(12,'良');
INSERT INTO evalu_0502 VALUES(13,'优');
INSERT INTO evalu_0502 VALUES(14,'优');
INSERT INTO evalu_0502 VALUES(15,'差');
INSERT INTO evalu_0502 VALUES(16,'差');
INSERT INTO evalu_0502 VALUES(17,'差');
INSERT INTO evalu_0502 VALUES(18,'差');
INSERT INTO evalu_0502 VALUES(19,'优');
INSERT INTO evalu_0502 VALUES(20,'差');
INSERT INTO evalu_0502 VALUES(21,'良');
INSERT INTO evalu_0502 VALUES(22,'优');
INSERT INTO evalu_0502 VALUES(23,'良');
INSERT INTO evalu_0502 VALUES(24,'良');
INSERT INTO evalu_0502 VALUES(25,'优');
INSERT INTO evalu_0502 VALUES(26,'差');
INSERT INTO evalu_0502 VALUES(27,'差');
INSERT INTO evalu_0502 VALUES(28,'良');
INSERT INTO evalu_0502 VALUES(29,'优');
INSERT INTO evalu_0502 VALUES(30,'良');
INSERT INTO evalu_0502 VALUES(31,'差');
INSERT INTO evalu_0502 VALUES(32,'差');
INSERT INTO evalu_0502 VALUES(33,'差');
INSERT INTO evalu_0502 VALUES(34,'良');
INSERT INTO evalu_0502 VALUES(35,'良');
INSERT INTO evalu_0502 VALUES(36,'优');
INSERT INTO evalu_0502 VALUES(37,'优');
INSERT INTO evalu_0502 VALUES(38,'优');
INSERT INTO evalu_0502 VALUES(39,'差');
INSERT INTO evalu_0502 VALUES(40,'差');
INSERT INTO evalu_0502 VALUES(41,'差');
INSERT INTO evalu_0502 VALUES(42,'优');
INSERT INTO evalu_0502 VALUES(43,'差');
INSERT INTO evalu_0502 VALUES(44,'良');
INSERT INTO evalu_0502 VALUES(45,'优');
INSERT INTO evalu_0502 VALUES(46,'差');
INSERT INTO evalu_0502 VALUES(47,'良');
INSERT INTO evalu_0502 VALUES(48,'优');
INSERT INTO evalu_0502 VALUES(49,'优');
INSERT INTO evalu_0502 VALUES(50,'差');
INSERT INTO evalu_0502 VALUES(51,'良');
INSERT INTO evalu_0502 VALUES(52,'优');
INSERT INTO evalu_0502 VALUES(53,'优');
INSERT INTO evalu_0502 VALUES(54,'优');
INSERT INTO evalu_0502 VALUES(55,'差');
INSERT INTO evalu_0502 VALUES(56,'良');
INSERT INTO evalu_0502 VALUES(57,'差');
INSERT INTO evalu_0502 VALUES(58,'良');
INSERT INTO evalu_0502 VALUES(59,'良');
INSERT INTO evalu_0502 VALUES(60,'差');
INSERT INTO evalu_0502 VALUES(61,'优');
INSERT INTO evalu_0502 VALUES(62,'优');
INSERT INTO evalu_0502 VALUES(63,'差');
INSERT INTO evalu_0502 VALUES(64,'良');
INSERT INTO evalu_0502 VALUES(937,'优');
INSERT INTO evalu_0502 VALUES(658,'差');
INSERT INTO evalu_0502 VALUES(846,'良');
INSERT INTO evalu_0502 VALUES(964,'优');
INSERT INTO evalu_0502 VALUES(852,'良');
INSERT INTO evalu_0502 VALUES(258,'优');
INSERT INTO evalu_0502 VALUES(954,'差');
INSERT INTO evalu_0502 VALUES(250,'良');
INSERT INTO evalu_0502 VALUES(361,'优');
INSERT INTO evalu_0502 VALUES(685,'差');
INSERT INTO evalu_0502 VALUES(103,'良');
INSERT INTO evalu_0502 VALUES(78,'优');



//创建考勤表(0517)
CREATE TABLE att_0517(
emp_id_0517 INT(4) ZEROFILL,
emp_time_0517 INT,
emp_case_0517 CHAR(3),
dept_id_0517 INT,
FOREIGN KEY(emp_id_0517) REFERENCES emp_0509(emp_id_0509) ON DELETE CASCADE,
FOREIGN KEY(dept_id_0517) REFERENCES dept_0509(dept_id_0509)
)


//考勤表插入数据
INSERT INTO att_0517 VALUES(1,0,'是',1);
INSERT INTO att_0517 VALUES(2,2,'否',2);
INSERT INTO att_0517 VALUES(3,0,'是',10);
INSERT INTO att_0517 VALUES(4,1,'否',4);
INSERT INTO att_0517 VALUES(5,0,'是',1);
INSERT INTO att_0517 VALUES(6,2,'否',5);
INSERT INTO att_0517 VALUES(7,0,'是',2);
INSERT INTO att_0517 VALUES(8,1,'否',3);
INSERT INTO att_0517 VALUES(9,2,'否',8);
INSERT INTO att_0517 VALUES(10,23,'否',9);
INSERT INTO att_0517 VALUES(11,9,'否',3);
INSERT INTO att_0517 VALUES(12,0,'是',10);
INSERT INTO att_0517 VALUES(13,2,'否',6);
INSERT INTO att_0517 VALUES(14,1,'否',1);
INSERT INTO att_0517 VALUES(15,0,'是',1);
INSERT INTO att_0517 VALUES(16,0,'是',2);
INSERT INTO att_0517 VALUES(17,0,'是',3);
INSERT INTO att_0517 VALUES(18,0,'是',4);
INSERT INTO att_0517 VALUES(19,0,'是',5);
INSERT INTO att_0517 VALUES(20,0,'是',6);
INSERT INTO att_0517 VALUES(21,0,'是',7);
INSERT INTO att_0517 VALUES(22,0,'是',8);
INSERT INTO att_0517 VALUES(23,0,'是',9);
INSERT INTO att_0517 VALUES(24,0,'是',10);
INSERT INTO att_0517 VALUES(25,0,'是',11);
INSERT INTO att_0517 VALUES(26,6,'否',2);
INSERT INTO att_0517 VALUES(27,5,'否',11);
INSERT INTO att_0517 VALUES(28,2,'否',2);
INSERT INTO att_0517 VALUES(29,2,'否',5);
INSERT INTO att_0517 VALUES(30,3,'否',6);
INSERT INTO att_0517 VALUES(31,6,'否',7);
INSERT INTO att_0517 VALUES(32,4,'否',8);
INSERT INTO att_0517 VALUES(33,0,'是',5);
INSERT INTO att_0517 VALUES(34,0,'是',5);
INSERT INTO att_0517 VALUES(35,0,'是',7);
INSERT INTO att_0517 VALUES(36,0,'是',9);
INSERT INTO att_0517 VALUES(37,2,'否',4);
INSERT INTO att_0517 VALUES(38,5,'否',5);
INSERT INTO att_0517 VALUES(39,3,'否',2);
INSERT INTO att_0517 VALUES(40,5,'否',7);
INSERT INTO att_0517 VALUES(41,5,'否',1);
INSERT INTO att_0517 VALUES(42,3,'否',4);
INSERT INTO att_0517 VALUES(43,2,'否',10);
INSERT INTO att_0517 VALUES(44,6,'否',11);
INSERT INTO att_0517 VALUES(45,4,'否',7);
INSERT INTO att_0517 VALUES(46,6,'否',3);
INSERT INTO att_0517 VALUES(47,3,'否',6);
INSERT INTO att_0517 VALUES(48,7,'否',1);
INSERT INTO att_0517 VALUES(49,0,'是',11);
INSERT INTO att_0517 VALUES(50,0,'是',3);
INSERT INTO att_0517 VALUES(51,0,'是',4);
INSERT INTO att_0517 VALUES(52,0,'是',5);
INSERT INTO att_0517 VALUES(53,0,'是',4);
INSERT INTO att_0517 VALUES(54,0,'是',1);
INSERT INTO att_0517 VALUES(55,0,'是',11);
INSERT INTO att_0517 VALUES(56,0,'是',4);
INSERT INTO att_0517 VALUES(57,4,'否',6);
INSERT INTO att_0517 VALUES(58,3,'否',11);
INSERT INTO att_0517 VALUES(59,5,'否',7);
INSERT INTO att_0517 VALUES(60,4,'否',11);
INSERT INTO att_0517 VALUES(61,9,'否',6);
INSERT INTO att_0517 VALUES(62,1,'否',5);
INSERT INTO att_0517 VALUES(63,1,'否',9);
INSERT INTO att_0517 VALUES(64,1,'否',4);
INSERT INTO att_0517 VALUES(937,4,'否',9);
INSERT INTO att_0517 VALUES(658,0,'是',1);
INSERT INTO att_0517 VALUES(846,0,'是',5);
INSERT INTO att_0517 VALUES(964,0,'是',1);
INSERT INTO att_0517 VALUES(852,0,'是',3);
INSERT INTO att_0517 VALUES(258,5,'否',5);
INSERT INTO att_0517 VALUES(954,6,'否',6);
INSERT INTO att_0517 VALUES(250,1,'否',7);
INSERT INTO att_0517 VALUES(361,2,'否',8);
INSERT INTO att_0517 VALUES(685,3,'否',9);
INSERT INTO att_0517 VALUES(103,4,'否',10);
INSERT INTO att_0517 VALUES(78,5,'否',11);




//创建用户登录、密码表
CREATE TABLE user_0512(
user_id_0512 INT(4) ZEROFILL PRIMARY KEY,
password_0512 INT,
FOREIGN KEY(user_id_0512) REFERENCES emp_0509(emp_id_0509) ON DELETE CASCADE
)


//密码表插入数据
INSERT INTO user_0512 VALUES(1,123456);
INSERT INTO user_0512 VALUES(2,123456);
INSERT INTO user_0512 VALUES(3,123456);
INSERT INTO user_0512 VALUES(4,123456);
INSERT INTO user_0512 VALUES(5,123465);
INSERT INTO user_0512 VALUES(6,123456);
INSERT INTO user_0512 VALUES(7,123456);
INSERT INTO user_0512 VALUES(8,123456);
INSERT INTO user_0512 VALUES(9,123456);
INSERT INTO user_0512 VALUES(10,123456);
INSERT INTO user_0512 VALUES(11,123456);
INSERT INTO user_0512 VALUES(12,123456);
INSERT INTO user_0512 VALUES(13,123456);
INSERT INTO user_0512 VALUES(14,123456);
INSERT INTO user_0512 VALUES(15,123456);
INSERT INTO user_0512 VALUES(16,123456);
INSERT INTO user_0512 VALUES(17,123456);
INSERT INTO user_0512 VALUES(18,123456);
INSERT INTO user_0512 VALUES(19,123456);
INSERT INTO user_0512 VALUES(20,123456);
INSERT INTO user_0512 VALUES(21,123456);
INSERT INTO user_0512 VALUES(22,123456);
INSERT INTO user_0512 VALUES(23,123456);
INSERT INTO user_0512 VALUES(24,123456);
INSERT INTO user_0512 VALUES(25,123456);
INSERT INTO user_0512 VALUES(26,123456);
INSERT INTO user_0512 VALUES(27,123456);
INSERT INTO user_0512 VALUES(28,123456);
INSERT INTO user_0512 VALUES(29,123456);
INSERT INTO user_0512 VALUES(30,123456);
INSERT INTO user_0512 VALUES(31,123456);
INSERT INTO user_0512 VALUES(32,123456);
INSERT INTO user_0512 VALUES(33,123456);
INSERT INTO user_0512 VALUES(34,123456);
INSERT INTO user_0512 VALUES(35,123456);
INSERT INTO user_0512 VALUES(36,123456);
INSERT INTO user_0512 VALUES(37,123456);
INSERT INTO user_0512 VALUES(38,123456);
INSERT INTO user_0512 VALUES(39,123456);
INSERT INTO user_0512 VALUES(40,123456);
INSERT INTO user_0512 VALUES(41,123456);
INSERT INTO user_0512 VALUES(42,123456);
INSERT INTO user_0512 VALUES(43,123456);
INSERT INTO user_0512 VALUES(44,123456);
INSERT INTO user_0512 VALUES(45,123456);
INSERT INTO user_0512 VALUES(46,123456);
INSERT INTO user_0512 VALUES(47,123456);
INSERT INTO user_0512 VALUES(48,123456);
INSERT INTO user_0512 VALUES(49,123456);
INSERT INTO user_0512 VALUES(50,123456);
INSERT INTO user_0512 VALUES(51,123456);
INSERT INTO user_0512 VALUES(52,123456);
INSERT INTO user_0512 VALUES(53,123456);
INSERT INTO user_0512 VALUES(54,123456);
INSERT INTO user_0512 VALUES(55,123456);
INSERT INTO user_0512 VALUES(56,123456);
INSERT INTO user_0512 VALUES(57,123456);
INSERT INTO user_0512 VALUES(58,123456);
INSERT INTO user_0512 VALUES(59,123456);
INSERT INTO user_0512 VALUES(60,123456);
INSERT INTO user_0512 VALUES(61,123456);
INSERT INTO user_0512 VALUES(62,123456);
INSERT INTO user_0512 VALUES(63,123456);
INSERT INTO user_0512 VALUES(64,123456);
INSERT INTO user_0512 VALUES(937,123456);
INSERT INTO user_0512 VALUES(658,123456);
INSERT INTO user_0512 VALUES(846,123456);
INSERT INTO user_0512 VALUES(964,123456);
INSERT INTO user_0512 VALUES(852,123456);
INSERT INTO user_0512 VALUES(258,123456);
INSERT INTO user_0512 VALUES(954,123456);
INSERT INTO user_0512 VALUES(250,123456);
INSERT INTO user_0512 VALUES(361,123456);
INSERT INTO user_0512 VALUES(685,123456);
INSERT INTO user_0512 VALUES(103,123456);
INSERT INTO user_0512 VALUES(78,123456);





